<?xml version="1.0" encoding="UTF-8"?>
<project-private xmlns="http://www.netbeans.org/ns/project-private/1">
    <editor-bookmarks xmlns="http://www.netbeans.org/ns/editor-bookmarks/2" lastBookmarkId="0"/>
    <open-files xmlns="http://www.netbeans.org/ns/projectui-open-files/2">
        <group>
            <file>file:/C:/Ventura/workspace%20Netbeans/Proyecto-DAW/WEB_APP_DAW/web/HTML/menu.html</file>
            <file>file:/C:/Ventura/workspace%20Netbeans/Proyecto-DAW/WEB_APP_DAW/web/HTML/productos_soft.jsp</file>
            <file>file:/C:/Ventura/workspace%20Netbeans/Proyecto-DAW/WEB_APP_DAW/web/HTML/login_usuario.html</file>
            <file>file:/C:/Ventura/workspace%20Netbeans/Proyecto-DAW/WEB_APP_DAW/web/HTML/carrito.jsp</file>
            <file>file:/C:/Ventura/workspace%20Netbeans/Proyecto-DAW/WEB_APP_DAW/web/HTML/index.html</file>
            <file>file:/C:/Ventura/workspace%20Netbeans/Proyecto-DAW/WEB_APP_DAW/web/HTML/inicio.html</file>
            <file>file:/C:/Ventura/workspace%20Netbeans/Proyecto-DAW/WEB_APP_DAW/web/HTML/login_mantenimiento.html</file>
            <file>file:/C:/Ventura/workspace%20Netbeans/Proyecto-DAW/WEB_APP_DAW/web/HTML/footer.html</file>
            <file>file:/C:/Ventura/workspace%20Netbeans/Proyecto-DAW/WEB_APP_DAW/web/CSS/menu_desplegable.css</file>
            <file>file:/C:/Ventura/workspace%20Netbeans/Proyecto-DAW/WEB_APP_DAW/web/HTML/contacto.html</file>
        </group>
    </open-files>
</project-private>
